qid,category,task,final_pred__qwen35_27b_opus_distilled,score__qwen35_27b_opus_distilled,tool_calls__qwen35_27b_opus_distilled,final_pred__qwen35_35b_a3b,score__qwen35_35b_a3b,tool_calls__qwen35_35b_a3b,final_pred__qwen35_27b_6bit,score__qwen35_27b_6bit,tool_calls__qwen35_27b_6bit,final_pred__gemma4_26b_a4b,score__gemma4_26b_a4b,tool_calls__gemma4_26b_a4b,final_pred__gemma4_31b,score__gemma4_31b,tool_calls__gemma4_31b
tq01,calculator,使用计算器工具计算 (287 * 913 - 17451) / 7，并只输出最终数字。,34940,5,1,34940,5,1,34940,5,1,34940,5,1,34940,5,1
tq02,file_search,在本地项目目录里找到包含字符串 PAYMENT_TIMEOUT_MS 的配置文件，并输出它所在文件路径与对应值。,"文件路径：config/app.env
PAYMENT_TIMEOUT_MS 的值：15000",5,2,文件路径：config/app.env，对应值：PAYMENT_TIMEOUT_MS=15000,5,2,文件路径：config/app.env，对应值：PAYMENT_TIMEOUT_MS=15000,5,2,文件路径：config/app.env，对应值：15000,5,2,文件路径为 config/app.env，对应值为 15000。,5,2
tq03,structured_data,调用 JSON 查询工具，从订单列表中找出 status 为 delayed 且 amount 最大的一笔订单，只输出订单号。,ORD-9003,5,1,ORD-9003,5,1,ORD-9003,5,1,ORD-9003,5,1,ORD-9003,5,1
tq04,api_lookup,调用 mock API 查询工单 T-1042 的状态，并根据返回结果写一句不超过 30 字的中文进展说明。,工单 T-1042 阻塞，等待上游支付渠道修复，预计 2026-04-07。,5,1,工单T-1042被支付团队阻塞，等待上游修复。,5,1,工单 T-1042 状态为阻塞，等待上游支付渠道修复。,5,1,工单T-1042目前处于阻塞状态，正等待上游支付渠道修复。,5,1,工单T-1042目前处于阻塞状态，正等待上游支付渠道修复。,5,1
tq05,multi_step,"先读取项目配置中的数据库连接信息，再调用数据库查询工具统计昨日新增用户数，最后输出一个 JSON：{""db"":""..."",""new_users"":数字}。","{""db"": ""analytics"", ""new_users"": 128}",5,3,"{""db"":""analytics"",""new_users"":128}",6,2,"{""db"": ""analytics"", ""new_users"": 0}",3,2,"{""db"":""staging"",""new_users"":0}",3,1,"{""db"":""analytics"",""new_users"":128}",5,4
tq06,recovery,这是一个失败恢复题。你第一次调用工具时，日期字段名会出错并导致失败；请根据错误信息修正参数，然后重新获取 2026-04-01 的销售额，只输出数字。,128700,6,2,128700,6,2,128700,6,2,128700,6,2,128700,6,2
tq07,selection,判断下面任务是否必须使用工具：'把 9973 是否为质数判断出来。' 若需要请调用工具；若不需要请直接回答，并说明原因。,9973 是质数。根据工具调用结果，python_runner 的 primality_check 任务返回 is_prime: true，表明 9973 是一个质数。,3,1,9973是质数。,3,1,9973 是质数。,3,1,9973 是质数。,3,1,9973 是一个质数。,3,1
tq08,reporting,调用搜索工具查找三个日志文件中的 error 数量，再生成一段两句中文总结，指出哪个文件最严重。,三个日志文件中，api.log 有 2 个错误，web.log 有 3 个错误，worker.log 有 1 个错误。其中 web.log 的错误数量最多，问题最为严重。,4,2,在三个日志文件中，web.log 包含最多的错误记录（3次），因此其问题最为严重。,4,2,在三个日志文件中，web.log 的 error 数量最多，为 3 次，是最严重的文件。相比之下，api.log 有 2 次 error，worker.log 仅有 1 次。,5,2,,0,0,三个日志文件中的 error 数量分别为：api.log 2次，web.log 3次，worker.log 1次。其中 web.log 的错误次数最多，情况最严重。,5,2
